diagonal;height_left;height_right;margin_low;margin_up;length;id;is_genuine_pred;is_genuine_proba;interpretation
171.76;104.01;103.54;5.21;3.3;111.42;A_1;False;0.004880594354327182;Contrefaçon
171.87;104.17;104.13;6.0;3.31;112.09;A_2;False;0.0009327531252205987;Contrefaçon
172.0;104.58;104.29;4.99;3.39;111.57;A_3;False;0.0013548532402463426;Contrefaçon
172.49;104.55;104.34;4.44;3.03;113.2;A_4;True;0.9207369056852927;Authentique
171.65;103.63;103.56;3.77;3.16;113.33;A_5;True;0.9996556157776283;Authentique
